File_Name,Text_Data
10282.6.txt,"{'POSITIVE SCORE': -0.002972708450969314, 'NEGATIVE SCORE': 0.5174577161968468, 'POLARITY SCORE': -0.002972708450969314, 'SUBJECTIVITY SCORE': 0.5174577161968468, 'AVG SENTENCE LENGTH': 26.53030303030303, 'PERCENTAGE OF COMPLEX WORDS': 72.9112610275039, 'FOG INDEX': 39.776625623122776, 'AVG NUMBER OF WORDS PER SENTENCE': 29.196969696969695, 'COMPLEX WORD COUNT': 1405, 'WORD COUNT': 1927, 'SYLLABLES PER WORD': 1.6154644525168655, 'PERSONAL PRONOUNS': 19, 'AVG WORD LENGTH': 5.02854177477945}"
10744.4.txt,"{'POSITIVE SCORE': 0.05608372456964006, 'NEGATIVE SCORE': 0.423013078470825, 'POLARITY SCORE': 0.05608372456964006, 'SUBJECTIVITY SCORE': 0.423013078470825, 'AVG SENTENCE LENGTH': 21.096774193548388, 'PERCENTAGE OF COMPLEX WORDS': 72.51023192360164, 'FOG INDEX': 37.44280244686001, 'AVG NUMBER OF WORDS PER SENTENCE': 23.64516129032258, 'COMPLEX WORD COUNT': 1063, 'WORD COUNT': 1466, 'SYLLABLES PER WORD': 1.5600272851296044, 'PERSONAL PRONOUNS': 30, 'AVG WORD LENGTH': 4.886766712141883}"
11206.2.txt,"{'POSITIVE SCORE': 0.0, 'NEGATIVE SCORE': 0.0, 'POLARITY SCORE': 0.0, 'SUBJECTIVITY SCORE': 0.0, 'AVG SENTENCE LENGTH': 0, 'PERCENTAGE OF COMPLEX WORDS': 0, 'FOG INDEX': 0.0, 'AVG NUMBER OF WORDS PER SENTENCE': 0, 'COMPLEX WORD COUNT': 0, 'WORD COUNT': 0, 'SYLLABLES PER WORD': 0, 'PERSONAL PRONOUNS': 0, 'AVG WORD LENGTH': 0}"
12129.8.txt,"{'POSITIVE SCORE': 0.11575187969924816, 'NEGATIVE SCORE': 0.5561152882205512, 'POLARITY SCORE': 0.11575187969924816, 'SUBJECTIVITY SCORE': 0.5561152882205512, 'AVG SENTENCE LENGTH': 19.91891891891892, 'PERCENTAGE OF COMPLEX WORDS': 74.59727385377943, 'FOG INDEX': 37.80647710907934, 'AVG NUMBER OF WORDS PER SENTENCE': 21.81081081081081, 'COMPLEX WORD COUNT': 602, 'WORD COUNT': 807, 'SYLLABLES PER WORD': 1.486988847583643, 'PERSONAL PRONOUNS': 1, 'AVG WORD LENGTH': 4.727385377942999}"
123.txt,"{'POSITIVE SCORE': 0.043158780163730655, 'NEGATIVE SCORE': 0.36588419830994084, 'POLARITY SCORE': 0.043158780163730655, 'SUBJECTIVITY SCORE': 0.36588419830994084, 'AVG SENTENCE LENGTH': 20.9625, 'PERCENTAGE OF COMPLEX WORDS': 76.13146551724138, 'FOG INDEX': 38.83758620689655, 'AVG NUMBER OF WORDS PER SENTENCE': 23.2, 'COMPLEX WORD COUNT': 1413, 'WORD COUNT': 1856, 'SYLLABLES PER WORD': 1.5889008620689655, 'PERSONAL PRONOUNS': 3, 'AVG WORD LENGTH': 5.192349137931035}"
12591.6.txt,"{'POSITIVE SCORE': 0.14029044241810196, 'NEGATIVE SCORE': 0.5217156366092538, 'POLARITY SCORE': 0.14029044241810196, 'SUBJECTIVITY SCORE': 0.5217156366092538, 'AVG SENTENCE LENGTH': 27.443037974683545, 'PERCENTAGE OF COMPLEX WORDS': 70.83157450401013, 'FOG INDEX': 39.309844991477476, 'AVG NUMBER OF WORDS PER SENTENCE': 29.9873417721519, 'COMPLEX WORD COUNT': 1678, 'WORD COUNT': 2369, 'SYLLABLES PER WORD': 1.5846348670325032, 'PERSONAL PRONOUNS': 7, 'AVG WORD LENGTH': 4.830730265934994}"
13053.4.txt,"{'POSITIVE SCORE': 0.055319148936170216, 'NEGATIVE SCORE': 0.47900494895175744, 'POLARITY SCORE': 0.055319148936170216, 'SUBJECTIVITY SCORE': 0.47900494895175744, 'AVG SENTENCE LENGTH': 19.115384615384617, 'PERCENTAGE OF COMPLEX WORDS': 72.05050065302568, 'FOG INDEX': 36.46635410736412, 'AVG NUMBER OF WORDS PER SENTENCE': 22.08653846153846, 'COMPLEX WORD COUNT': 1655, 'WORD COUNT': 2297, 'SYLLABLES PER WORD': 1.5859817152808011, 'PERSONAL PRONOUNS': 0, 'AVG WORD LENGTH': 5.0317805833696125}"
13515.2.txt,"{'POSITIVE SCORE': 0.07001035868893012, 'NEGATIVE SCORE': 0.4282564935064935, 'POLARITY SCORE': 0.07001035868893012, 'SUBJECTIVITY SCORE': 0.4282564935064935, 'AVG SENTENCE LENGTH': 20.75862068965517, 'PERCENTAGE OF COMPLEX WORDS': 75.3998476770754, 'FOG INDEX': 38.46338734669223, 'AVG NUMBER OF WORDS PER SENTENCE': 22.637931034482758, 'COMPLEX WORD COUNT': 990, 'WORD COUNT': 1313, 'SYLLABLES PER WORD': 1.6923076923076923, 'PERSONAL PRONOUNS': 11, 'AVG WORD LENGTH': 5.258187357197258}"
13977.txt,"{'POSITIVE SCORE': 0.03197103258676351, 'NEGATIVE SCORE': 0.3623890234059726, 'POLARITY SCORE': 0.03197103258676351, 'SUBJECTIVITY SCORE': 0.3623890234059726, 'AVG SENTENCE LENGTH': 14.951807228915662, 'PERCENTAGE OF COMPLEX WORDS': 72.15099715099716, 'FOG INDEX': 34.841121751965126, 'AVG NUMBER OF WORDS PER SENTENCE': 16.91566265060241, 'COMPLEX WORD COUNT': 1013, 'WORD COUNT': 1404, 'SYLLABLES PER WORD': 1.559116809116809, 'PERSONAL PRONOUNS': 6, 'AVG WORD LENGTH': 4.77991452991453}"
14438.8.txt,"{'POSITIVE SCORE': 0.08080569915521373, 'NEGATIVE SCORE': 0.3623530029840709, 'POLARITY SCORE': 0.08080569915521373, 'SUBJECTIVITY SCORE': 0.3623530029840709, 'AVG SENTENCE LENGTH': 26.625, 'PERCENTAGE OF COMPLEX WORDS': 73.60043907793633, 'FOG INDEX': 40.09017563117453, 'AVG NUMBER OF WORDS PER SENTENCE': 28.46875, 'COMPLEX WORD COUNT': 1341, 'WORD COUNT': 1822, 'SYLLABLES PER WORD': 1.5581778265642152, 'PERSONAL PRONOUNS': 32, 'AVG WORD LENGTH': 4.833150384193194}"
14900.6.txt,"{'POSITIVE SCORE': 1.4512945547449137e-06, 'NEGATIVE SCORE': 0.4467665157320331, 'POLARITY SCORE': 1.4512945547449137e-06, 'SUBJECTIVITY SCORE': 0.4467665157320331, 'AVG SENTENCE LENGTH': 19.91566265060241, 'PERCENTAGE OF COMPLEX WORDS': 70.79934747145188, 'FOG INDEX': 36.28600404882172, 'AVG NUMBER OF WORDS PER SENTENCE': 22.156626506024097, 'COMPLEX WORD COUNT': 1302, 'WORD COUNT': 1839, 'SYLLABLES PER WORD': 1.595432300163132, 'PERSONAL PRONOUNS': 13, 'AVG WORD LENGTH': 4.876563349646547}"
15362.4.txt,"{'POSITIVE SCORE': 0.13422222222222224, 'NEGATIVE SCORE': 0.5038333333333334, 'POLARITY SCORE': 0.13422222222222224, 'SUBJECTIVITY SCORE': 0.5038333333333334, 'AVG SENTENCE LENGTH': 23.136363636363637, 'PERCENTAGE OF COMPLEX WORDS': 71.1775043936731, 'FOG INDEX': 37.725547212014696, 'AVG NUMBER OF WORDS PER SENTENCE': 25.863636363636363, 'COMPLEX WORD COUNT': 405, 'WORD COUNT': 569, 'SYLLABLES PER WORD': 1.688927943760984, 'PERSONAL PRONOUNS': 0, 'AVG WORD LENGTH': 5.177504393673111}"
15824.2.txt,"{'POSITIVE SCORE': 0.11607041107041109, 'NEGATIVE SCORE': 0.5525498575498576, 'POLARITY SCORE': 0.11607041107041109, 'SUBJECTIVITY SCORE': 0.5525498575498576, 'AVG SENTENCE LENGTH': 182.0, 'PERCENTAGE OF COMPLEX WORDS': 77.18446601941747, 'FOG INDEX': 103.673786407767, 'AVG NUMBER OF WORDS PER SENTENCE': 185.4, 'COMPLEX WORD COUNT': 1431, 'WORD COUNT': 1854, 'SYLLABLES PER WORD': 1.5490830636461705, 'PERSONAL PRONOUNS': 17, 'AVG WORD LENGTH': 4.974649406688242}"
16286.txt,"{'POSITIVE SCORE': 0.13839285714285715, 'NEGATIVE SCORE': 0.437579365079365, 'POLARITY SCORE': 0.13839285714285715, 'SUBJECTIVITY SCORE': 0.437579365079365, 'AVG SENTENCE LENGTH': 17.339285714285715, 'PERCENTAGE OF COMPLEX WORDS': 74.46808510638297, 'FOG INDEX': 36.72294832826748, 'AVG NUMBER OF WORDS PER SENTENCE': 19.303571428571427, 'COMPLEX WORD COUNT': 805, 'WORD COUNT': 1081, 'SYLLABLES PER WORD': 1.604995374653099, 'PERSONAL PRONOUNS': 1, 'AVG WORD LENGTH': 4.879740980573543}"
16747.8.txt,"{'POSITIVE SCORE': 0.04546332046332047, 'NEGATIVE SCORE': 0.3193693693693694, 'POLARITY SCORE': 0.04546332046332047, 'SUBJECTIVITY SCORE': 0.3193693693693694, 'AVG SENTENCE LENGTH': 18.666666666666668, 'PERCENTAGE OF COMPLEX WORDS': 69.09975669099757, 'FOG INDEX': 35.10656934306569, 'AVG NUMBER OF WORDS PER SENTENCE': 21.076923076923077, 'COMPLEX WORD COUNT': 568, 'WORD COUNT': 822, 'SYLLABLES PER WORD': 1.72992700729927, 'PERSONAL PRONOUNS': 0, 'AVG WORD LENGTH': 5.109489051094891}"
17209.6.txt,"{'POSITIVE SCORE': 0.0, 'NEGATIVE SCORE': 0.0, 'POLARITY SCORE': 0.0, 'SUBJECTIVITY SCORE': 0.0, 'AVG SENTENCE LENGTH': 0, 'PERCENTAGE OF COMPLEX WORDS': 0, 'FOG INDEX': 0.0, 'AVG NUMBER OF WORDS PER SENTENCE': 0, 'COMPLEX WORD COUNT': 0, 'WORD COUNT': 0, 'SYLLABLES PER WORD': 0, 'PERSONAL PRONOUNS': 0, 'AVG WORD LENGTH': 0}"
18133.2.txt,"{'POSITIVE SCORE': -0.04339129389129389, 'NEGATIVE SCORE': 0.3412342842342842, 'POLARITY SCORE': -0.04339129389129389, 'SUBJECTIVITY SCORE': 0.3412342842342842, 'AVG SENTENCE LENGTH': 25.75925925925926, 'PERCENTAGE OF COMPLEX WORDS': 75.80117724002616, 'FOG INDEX': 40.62417459971417, 'AVG NUMBER OF WORDS PER SENTENCE': 28.314814814814813, 'COMPLEX WORD COUNT': 1159, 'WORD COUNT': 1529, 'SYLLABLES PER WORD': 1.5735775016350555, 'PERSONAL PRONOUNS': 2, 'AVG WORD LENGTH': 4.855461085676913}"
18595.txt,"{'POSITIVE SCORE': 0.12553661616161615, 'NEGATIVE SCORE': 0.42022306397306397, 'POLARITY SCORE': 0.12553661616161615, 'SUBJECTIVITY SCORE': 0.42022306397306397, 'AVG SENTENCE LENGTH': 24.533333333333335, 'PERCENTAGE OF COMPLEX WORDS': 71.67277167277167, 'FOG INDEX': 38.482442002442006, 'AVG NUMBER OF WORDS PER SENTENCE': 27.3, 'COMPLEX WORD COUNT': 587, 'WORD COUNT': 819, 'SYLLABLES PER WORD': 1.5262515262515262, 'PERSONAL PRONOUNS': 5, 'AVG WORD LENGTH': 4.577533577533577}"
19056.8.txt,"{'POSITIVE SCORE': 0.18426043159738814, 'NEGATIVE SCORE': 0.5035132982959067, 'POLARITY SCORE': 0.18426043159738814, 'SUBJECTIVITY SCORE': 0.5035132982959067, 'AVG SENTENCE LENGTH': 17.54054054054054, 'PERCENTAGE OF COMPLEX WORDS': 70.74074074074073, 'FOG INDEX': 35.31251251251251, 'AVG NUMBER OF WORDS PER SENTENCE': 19.45945945945946, 'COMPLEX WORD COUNT': 1528, 'WORD COUNT': 2160, 'SYLLABLES PER WORD': 1.5587962962962962, 'PERSONAL PRONOUNS': 15, 'AVG WORD LENGTH': 4.754166666666666}"
19518.6.txt,"{'POSITIVE SCORE': 0.3019047619047619, 'NEGATIVE SCORE': 0.6216809116809117, 'POLARITY SCORE': 0.3019047619047619, 'SUBJECTIVITY SCORE': 0.6216809116809117, 'AVG SENTENCE LENGTH': 15.568181818181818, 'PERCENTAGE OF COMPLEX WORDS': 70.93023255813954, 'FOG INDEX': 34.59936575052854, 'AVG NUMBER OF WORDS PER SENTENCE': 17.59090909090909, 'COMPLEX WORD COUNT': 549, 'WORD COUNT': 774, 'SYLLABLES PER WORD': 1.5529715762273901, 'PERSONAL PRONOUNS': 3, 'AVG WORD LENGTH': 4.723514211886305}"
19980.4.txt,"{'POSITIVE SCORE': 0.11243386243386246, 'NEGATIVE SCORE': 0.3792989417989418, 'POLARITY SCORE': 0.11243386243386246, 'SUBJECTIVITY SCORE': 0.3792989417989418, 'AVG SENTENCE LENGTH': 22.705882352941178, 'PERCENTAGE OF COMPLEX WORDS': 78.52028639618138, 'FOG INDEX': 40.49046749964902, 'AVG NUMBER OF WORDS PER SENTENCE': 24.647058823529413, 'COMPLEX WORD COUNT': 329, 'WORD COUNT': 419, 'SYLLABLES PER WORD': 1.4988066825775657, 'PERSONAL PRONOUNS': 1, 'AVG WORD LENGTH': 4.885441527446301}"
20442.2.txt,"{'POSITIVE SCORE': 0.12922494172494176, 'NEGATIVE SCORE': 0.4962339743589744, 'POLARITY SCORE': 0.12922494172494176, 'SUBJECTIVITY SCORE': 0.4962339743589744, 'AVG SENTENCE LENGTH': 23.3265306122449, 'PERCENTAGE OF COMPLEX WORDS': 74.9211356466877, 'FOG INDEX': 39.299066503573044, 'AVG NUMBER OF WORDS PER SENTENCE': 25.877551020408163, 'COMPLEX WORD COUNT': 950, 'WORD COUNT': 1268, 'SYLLABLES PER WORD': 1.5386435331230284, 'PERSONAL PRONOUNS': 1, 'AVG WORD LENGTH': 4.780757097791798}"
20904.txt,"{'POSITIVE SCORE': 0.08646560846560848, 'NEGATIVE SCORE': 0.33871957671957675, 'POLARITY SCORE': 0.08646560846560848, 'SUBJECTIVITY SCORE': 0.33871957671957675, 'AVG SENTENCE LENGTH': 27.391304347826086, 'PERCENTAGE OF COMPLEX WORDS': 73.1534090909091, 'FOG INDEX': 40.21788537549408, 'AVG NUMBER OF WORDS PER SENTENCE': 30.608695652173914, 'COMPLEX WORD COUNT': 515, 'WORD COUNT': 704, 'SYLLABLES PER WORD': 1.7159090909090908, 'PERSONAL PRONOUNS': 1, 'AVG WORD LENGTH': 5.1875}"
21365.8.txt,"{'POSITIVE SCORE': 0.19551587301587303, 'NEGATIVE SCORE': 0.5138095238095238, 'POLARITY SCORE': 0.19551587301587303, 'SUBJECTIVITY SCORE': 0.5138095238095238, 'AVG SENTENCE LENGTH': 14.321428571428571, 'PERCENTAGE OF COMPLEX WORDS': 73.2739420935412, 'FOG INDEX': 35.03814826598791, 'AVG NUMBER OF WORDS PER SENTENCE': 16.035714285714285, 'COMPLEX WORD COUNT': 329, 'WORD COUNT': 449, 'SYLLABLES PER WORD': 1.487750556792873, 'PERSONAL PRONOUNS': 0, 'AVG WORD LENGTH': 4.757238307349666}"
21827.6.txt,"{'POSITIVE SCORE': 0.035178571428571434, 'NEGATIVE SCORE': 0.25863095238095235, 'POLARITY SCORE': 0.035178571428571434, 'SUBJECTIVITY SCORE': 0.25863095238095235, 'AVG SENTENCE LENGTH': 17.2, 'PERCENTAGE OF COMPLEX WORDS': 68.22916666666666, 'FOG INDEX': 34.17166666666667, 'AVG NUMBER OF WORDS PER SENTENCE': 19.2, 'COMPLEX WORD COUNT': 131, 'WORD COUNT': 192, 'SYLLABLES PER WORD': 1.7447916666666667, 'PERSONAL PRONOUNS': 2, 'AVG WORD LENGTH': 5.057291666666667}"
22289.4.txt,"{'POSITIVE SCORE': 0.05245405179615707, 'NEGATIVE SCORE': 0.4679824561403507, 'POLARITY SCORE': 0.05245405179615707, 'SUBJECTIVITY SCORE': 0.4679824561403507, 'AVG SENTENCE LENGTH': 14.553571428571429, 'PERCENTAGE OF COMPLEX WORDS': 70.7742639040349, 'FOG INDEX': 34.13113413304253, 'AVG NUMBER OF WORDS PER SENTENCE': 16.375, 'COMPLEX WORD COUNT': 649, 'WORD COUNT': 917, 'SYLLABLES PER WORD': 1.4732824427480915, 'PERSONAL PRONOUNS': 31, 'AVG WORD LENGTH': 4.637949836423119}"
22751.2.txt,"{'POSITIVE SCORE': 0.4055555555555555, 'NEGATIVE SCORE': 0.4722222222222222, 'POLARITY SCORE': 0.4055555555555555, 'SUBJECTIVITY SCORE': 0.4722222222222222, 'AVG SENTENCE LENGTH': 21.11111111111111, 'PERCENTAGE OF COMPLEX WORDS': 72.51184834123224, 'FOG INDEX': 37.44918378093734, 'AVG NUMBER OF WORDS PER SENTENCE': 23.444444444444443, 'COMPLEX WORD COUNT': 153, 'WORD COUNT': 211, 'SYLLABLES PER WORD': 1.5071090047393365, 'PERSONAL PRONOUNS': 1, 'AVG WORD LENGTH': 4.540284360189573}"
23213.txt,"{'POSITIVE SCORE': 0.06010136577037986, 'NEGATIVE SCORE': 0.3752112676056338, 'POLARITY SCORE': 0.06010136577037986, 'SUBJECTIVITY SCORE': 0.3752112676056338, 'AVG SENTENCE LENGTH': 19.366666666666667, 'PERCENTAGE OF COMPLEX WORDS': 73.96946564885496, 'FOG INDEX': 37.334452926208655, 'AVG NUMBER OF WORDS PER SENTENCE': 21.833333333333332, 'COMPLEX WORD COUNT': 969, 'WORD COUNT': 1310, 'SYLLABLES PER WORD': 1.7557251908396947, 'PERSONAL PRONOUNS': 0, 'AVG WORD LENGTH': 5.355725190839695}"
2345.txt,"{'POSITIVE SCORE': 0.0622405828002843, 'NEGATIVE SCORE': 0.44759417199715695, 'POLARITY SCORE': 0.0622405828002843, 'SUBJECTIVITY SCORE': 0.44759417199715695, 'AVG SENTENCE LENGTH': 17.140625, 'PERCENTAGE OF COMPLEX WORDS': 74.36318816762531, 'FOG INDEX': 36.60152526705013, 'AVG NUMBER OF WORDS PER SENTENCE': 19.015625, 'COMPLEX WORD COUNT': 905, 'WORD COUNT': 1217, 'SYLLABLES PER WORD': 1.6146261298274445, 'PERSONAL PRONOUNS': 5, 'AVG WORD LENGTH': 4.990961380443714}"
23674.8.txt,"{'POSITIVE SCORE': 0.02871621621621622, 'NEGATIVE SCORE': 0.32694658944658944, 'POLARITY SCORE': 0.02871621621621622, 'SUBJECTIVITY SCORE': 0.32694658944658944, 'AVG SENTENCE LENGTH': 25.761904761904763, 'PERCENTAGE OF COMPLEX WORDS': 75.24916943521595, 'FOG INDEX': 40.40442967884829, 'AVG NUMBER OF WORDS PER SENTENCE': 28.666666666666668, 'COMPLEX WORD COUNT': 453, 'WORD COUNT': 602, 'SYLLABLES PER WORD': 1.5664451827242525, 'PERSONAL PRONOUNS': 10, 'AVG WORD LENGTH': 4.769102990033223}"
24136.6.txt,"{'POSITIVE SCORE': 0.050256064690026955, 'NEGATIVE SCORE': 0.44581311769991006, 'POLARITY SCORE': 0.050256064690026955, 'SUBJECTIVITY SCORE': 0.44581311769991006, 'AVG SENTENCE LENGTH': 24.86046511627907, 'PERCENTAGE OF COMPLEX WORDS': 74.07732864674868, 'FOG INDEX': 39.575117505211104, 'AVG NUMBER OF WORDS PER SENTENCE': 26.46511627906977, 'COMPLEX WORD COUNT': 843, 'WORD COUNT': 1138, 'SYLLABLES PER WORD': 1.6001757469244289, 'PERSONAL PRONOUNS': 9, 'AVG WORD LENGTH': 4.877855887521968}"
24598.4.txt,"{'POSITIVE SCORE': 0.061760000000000016, 'NEGATIVE SCORE': 0.3626019047619048, 'POLARITY SCORE': 0.061760000000000016, 'SUBJECTIVITY SCORE': 0.3626019047619048, 'AVG SENTENCE LENGTH': 23.41891891891892, 'PERCENTAGE OF COMPLEX WORDS': 70.72419106317412, 'FOG INDEX': 37.657243992837216, 'AVG NUMBER OF WORDS PER SENTENCE': 26.31081081081081, 'COMPLEX WORD COUNT': 1377, 'WORD COUNT': 1947, 'SYLLABLES PER WORD': 1.6507447354904983, 'PERSONAL PRONOUNS': 22, 'AVG WORD LENGTH': 5.047252182845403}"
25060.2.txt,"{'POSITIVE SCORE': 0.09361824683253255, 'NEGATIVE SCORE': 0.5180851748983615, 'POLARITY SCORE': 0.09361824683253255, 'SUBJECTIVITY SCORE': 0.5180851748983615, 'AVG SENTENCE LENGTH': 27.5, 'PERCENTAGE OF COMPLEX WORDS': 75.01323451561673, 'FOG INDEX': 41.0052938062467, 'AVG NUMBER OF WORDS PER SENTENCE': 29.515625, 'COMPLEX WORD COUNT': 1417, 'WORD COUNT': 1889, 'SYLLABLES PER WORD': 1.470619375330863, 'PERSONAL PRONOUNS': 21, 'AVG WORD LENGTH': 4.6241397564849125}"
25522.txt,"{'POSITIVE SCORE': -0.023134028892455843, 'NEGATIVE SCORE': 0.36003879079721784, 'POLARITY SCORE': -0.023134028892455843, 'SUBJECTIVITY SCORE': 0.36003879079721784, 'AVG SENTENCE LENGTH': 17.686746987951807, 'PERCENTAGE OF COMPLEX WORDS': 71.96149217809868, 'FOG INDEX': 35.859295666420195, 'AVG NUMBER OF WORDS PER SENTENCE': 20.02409638554217, 'COMPLEX WORD COUNT': 1196, 'WORD COUNT': 1662, 'SYLLABLES PER WORD': 1.474127557160048, 'PERSONAL PRONOUNS': 31, 'AVG WORD LENGTH': 4.591456077015644}"
25983.8.txt,"{'POSITIVE SCORE': 0.2261337868480726, 'NEGATIVE SCORE': 0.49278955171812316, 'POLARITY SCORE': 0.2261337868480726, 'SUBJECTIVITY SCORE': 0.49278955171812316, 'AVG SENTENCE LENGTH': 14.206349206349206, 'PERCENTAGE OF COMPLEX WORDS': 71.21212121212122, 'FOG INDEX': 34.16738816738817, 'AVG NUMBER OF WORDS PER SENTENCE': 15.714285714285714, 'COMPLEX WORD COUNT': 705, 'WORD COUNT': 990, 'SYLLABLES PER WORD': 1.4464646464646465, 'PERSONAL PRONOUNS': 1, 'AVG WORD LENGTH': 4.456565656565656}"
26445.6.txt,"{'POSITIVE SCORE': 0.2516339869281046, 'NEGATIVE SCORE': 0.41437908496732034, 'POLARITY SCORE': 0.2516339869281046, 'SUBJECTIVITY SCORE': 0.41437908496732034, 'AVG SENTENCE LENGTH': 21.953846153846154, 'PERCENTAGE OF COMPLEX WORDS': 69.29879974731521, 'FOG INDEX': 36.50105836046455, 'AVG NUMBER OF WORDS PER SENTENCE': 24.353846153846153, 'COMPLEX WORD COUNT': 1097, 'WORD COUNT': 1583, 'SYLLABLES PER WORD': 1.4396715097915351, 'PERSONAL PRONOUNS': 7, 'AVG WORD LENGTH': 4.424510423246999}"
26907.4.txt,"{'POSITIVE SCORE': 0.2375180375180375, 'NEGATIVE SCORE': 0.4895773208273211, 'POLARITY SCORE': 0.2375180375180375, 'SUBJECTIVITY SCORE': 0.4895773208273211, 'AVG SENTENCE LENGTH': 30.0, 'PERCENTAGE OF COMPLEX WORDS': 69.46564885496184, 'FOG INDEX': 39.78625954198474, 'AVG NUMBER OF WORDS PER SENTENCE': 32.75, 'COMPLEX WORD COUNT': 364, 'WORD COUNT': 524, 'SYLLABLES PER WORD': 1.5190839694656488, 'PERSONAL PRONOUNS': 8, 'AVG WORD LENGTH': 4.646946564885496}"
27369.2.txt,"{'POSITIVE SCORE': 0.06018412508544089, 'NEGATIVE SCORE': 0.48409456771298853, 'POLARITY SCORE': 0.06018412508544089, 'SUBJECTIVITY SCORE': 0.48409456771298853, 'AVG SENTENCE LENGTH': 22.9, 'PERCENTAGE OF COMPLEX WORDS': 72.41379310344827, 'FOG INDEX': 38.125517241379306, 'AVG NUMBER OF WORDS PER SENTENCE': 25.271428571428572, 'COMPLEX WORD COUNT': 1281, 'WORD COUNT': 1769, 'SYLLABLES PER WORD': 1.6156020350480498, 'PERSONAL PRONOUNS': 8, 'AVG WORD LENGTH': 5.023176936122103}"
27831.txt,"{'POSITIVE SCORE': 0.017201405152224822, 'NEGATIVE SCORE': 0.6364220660941972, 'POLARITY SCORE': 0.017201405152224822, 'SUBJECTIVITY SCORE': 0.6364220660941972, 'AVG SENTENCE LENGTH': 14.2, 'PERCENTAGE OF COMPLEX WORDS': 71.95671776375113, 'FOG INDEX': 34.46268710550046, 'AVG NUMBER OF WORDS PER SENTENCE': 15.842857142857143, 'COMPLEX WORD COUNT': 798, 'WORD COUNT': 1109, 'SYLLABLES PER WORD': 1.5067628494138863, 'PERSONAL PRONOUNS': 10, 'AVG WORD LENGTH': 4.812443642921551}"
28292.8.txt,"{'POSITIVE SCORE': 0.34529320987654327, 'NEGATIVE SCORE': 0.6706569664902996, 'POLARITY SCORE': 0.34529320987654327, 'SUBJECTIVITY SCORE': 0.6706569664902996, 'AVG SENTENCE LENGTH': 14.602564102564102, 'PERCENTAGE OF COMPLEX WORDS': 71.98105761641673, 'FOG INDEX': 34.633448687592335, 'AVG NUMBER OF WORDS PER SENTENCE': 16.243589743589745, 'COMPLEX WORD COUNT': 912, 'WORD COUNT': 1267, 'SYLLABLES PER WORD': 1.4017363851617994, 'PERSONAL PRONOUNS': 5, 'AVG WORD LENGTH': 4.374112075769534}"
28754.6.txt,"{'POSITIVE SCORE': 0.09966213151927443, 'NEGATIVE SCORE': 0.43907282400139547, 'POLARITY SCORE': 0.09966213151927443, 'SUBJECTIVITY SCORE': 0.43907282400139547, 'AVG SENTENCE LENGTH': 26.711111111111112, 'PERCENTAGE OF COMPLEX WORDS': 78.95944912012241, 'FOG INDEX': 42.26822409249341, 'AVG NUMBER OF WORDS PER SENTENCE': 29.044444444444444, 'COMPLEX WORD COUNT': 1032, 'WORD COUNT': 1307, 'SYLLABLES PER WORD': 1.5003825554705432, 'PERSONAL PRONOUNS': 4, 'AVG WORD LENGTH': 4.857689364957919}"
2893.8.txt,"{'POSITIVE SCORE': 0.03834507042253521, 'NEGATIVE SCORE': 0.467905466989974, 'POLARITY SCORE': 0.03834507042253521, 'SUBJECTIVITY SCORE': 0.467905466989974, 'AVG SENTENCE LENGTH': 18.076923076923077, 'PERCENTAGE OF COMPLEX WORDS': 75.93869731800767, 'FOG INDEX': 37.6062481579723, 'AVG NUMBER OF WORDS PER SENTENCE': 20.076923076923077, 'COMPLEX WORD COUNT': 991, 'WORD COUNT': 1305, 'SYLLABLES PER WORD': 1.656704980842912, 'PERSONAL PRONOUNS': 3, 'AVG WORD LENGTH': 5.146360153256705}"
29216.4.txt,"{'POSITIVE SCORE': 0.08752749982258179, 'NEGATIVE SCORE': 0.3081417216663119, 'POLARITY SCORE': 0.08752749982258179, 'SUBJECTIVITY SCORE': 0.3081417216663119, 'AVG SENTENCE LENGTH': 17.876543209876544, 'PERCENTAGE OF COMPLEX WORDS': 69.58887545344619, 'FOG INDEX': 34.986167465329096, 'AVG NUMBER OF WORDS PER SENTENCE': 20.419753086419753, 'COMPLEX WORD COUNT': 1151, 'WORD COUNT': 1654, 'SYLLABLES PER WORD': 1.626360338573156, 'PERSONAL PRONOUNS': 13, 'AVG WORD LENGTH': 4.78174123337364}"
29678.2.txt,"{'POSITIVE SCORE': 0.0022619047619047705, 'NEGATIVE SCORE': 0.6132082732082732, 'POLARITY SCORE': 0.0022619047619047705, 'SUBJECTIVITY SCORE': 0.6132082732082732, 'AVG SENTENCE LENGTH': 14.315068493150685, 'PERCENTAGE OF COMPLEX WORDS': 72.48495270851247, 'FOG INDEX': 34.720008480665264, 'AVG NUMBER OF WORDS PER SENTENCE': 15.931506849315069, 'COMPLEX WORD COUNT': 843, 'WORD COUNT': 1163, 'SYLLABLES PER WORD': 1.5477214101461736, 'PERSONAL PRONOUNS': 11, 'AVG WORD LENGTH': 4.971625107480653}"
30140.txt,"{'POSITIVE SCORE': -0.01790957983815127, 'NEGATIVE SCORE': 0.43926408512122783, 'POLARITY SCORE': -0.01790957983815127, 'SUBJECTIVITY SCORE': 0.43926408512122783, 'AVG SENTENCE LENGTH': 34.32608695652174, 'PERCENTAGE OF COMPLEX WORDS': 73.81092190252495, 'FOG INDEX': 43.25480354361868, 'AVG NUMBER OF WORDS PER SENTENCE': 37.02173913043478, 'COMPLEX WORD COUNT': 1257, 'WORD COUNT': 1703, 'SYLLABLES PER WORD': 1.532002348796242, 'PERSONAL PRONOUNS': 8, 'AVG WORD LENGTH': 4.827363476218438}"
30601.8.txt,"{'POSITIVE SCORE': 0.012323037323037321, 'NEGATIVE SCORE': 0.3726710226710227, 'POLARITY SCORE': 0.012323037323037321, 'SUBJECTIVITY SCORE': 0.3726710226710227, 'AVG SENTENCE LENGTH': 33.391304347826086, 'PERCENTAGE OF COMPLEX WORDS': 74.26556991774383, 'FOG INDEX': 43.06274970622797, 'AVG NUMBER OF WORDS PER SENTENCE': 37.0, 'COMPLEX WORD COUNT': 632, 'WORD COUNT': 851, 'SYLLABLES PER WORD': 1.5875440658049353, 'PERSONAL PRONOUNS': 1, 'AVG WORD LENGTH': 4.853113983548766}"
31063.6.txt,"{'POSITIVE SCORE': 0.06272101392583314, 'NEGATIVE SCORE': 0.3585886001548651, 'POLARITY SCORE': 0.06272101392583314, 'SUBJECTIVITY SCORE': 0.3585886001548651, 'AVG SENTENCE LENGTH': 32.2972972972973, 'PERCENTAGE OF COMPLEX WORDS': 74.30293896006029, 'FOG INDEX': 42.640094502943036, 'AVG NUMBER OF WORDS PER SENTENCE': 35.86486486486486, 'COMPLEX WORD COUNT': 986, 'WORD COUNT': 1327, 'SYLLABLES PER WORD': 1.624717407686511, 'PERSONAL PRONOUNS': 1, 'AVG WORD LENGTH': 5.028636021100226}"
31525.4.txt,"{'POSITIVE SCORE': 0.01951605546433132, 'NEGATIVE SCORE': 0.3814016251947285, 'POLARITY SCORE': 0.01951605546433132, 'SUBJECTIVITY SCORE': 0.3814016251947285, 'AVG SENTENCE LENGTH': 23.65277777777778, 'PERCENTAGE OF COMPLEX WORDS': 74.14428646656135, 'FOG INDEX': 39.11882569773566, 'AVG NUMBER OF WORDS PER SENTENCE': 26.375, 'COMPLEX WORD COUNT': 1408, 'WORD COUNT': 1899, 'SYLLABLES PER WORD': 1.5466034755134281, 'PERSONAL PRONOUNS': 10, 'AVG WORD LENGTH': 4.872564507635598}"
31987.2.txt,"{'POSITIVE SCORE': 0.05135106828655215, 'NEGATIVE SCORE': 0.3240200659555499, 'POLARITY SCORE': 0.05135106828655215, 'SUBJECTIVITY SCORE': 0.3240200659555499, 'AVG SENTENCE LENGTH': 17.693877551020407, 'PERCENTAGE OF COMPLEX WORDS': 73.30375782881002, 'FOG INDEX': 36.39905415193217, 'AVG NUMBER OF WORDS PER SENTENCE': 19.551020408163264, 'COMPLEX WORD COUNT': 2809, 'WORD COUNT': 3832, 'SYLLABLES PER WORD': 1.4731210855949897, 'PERSONAL PRONOUNS': 2, 'AVG WORD LENGTH': 4.7852296450939455}"
321.txt,"{'POSITIVE SCORE': 0.05912818662818663, 'NEGATIVE SCORE': 0.6368783068783069, 'POLARITY SCORE': 0.05912818662818663, 'SUBJECTIVITY SCORE': 0.6368783068783069, 'AVG SENTENCE LENGTH': 25.12, 'PERCENTAGE OF COMPLEX WORDS': 73.82352941176471, 'FOG INDEX': 39.577411764705886, 'AVG NUMBER OF WORDS PER SENTENCE': 27.2, 'COMPLEX WORD COUNT': 502, 'WORD COUNT': 680, 'SYLLABLES PER WORD': 1.6823529411764706, 'PERSONAL PRONOUNS': 3, 'AVG WORD LENGTH': 5.101470588235294}"
32449.txt,"{'POSITIVE SCORE': 0.03212169312169312, 'NEGATIVE SCORE': 0.43400264550264545, 'POLARITY SCORE': 0.03212169312169312, 'SUBJECTIVITY SCORE': 0.43400264550264545, 'AVG SENTENCE LENGTH': 21.166666666666668, 'PERCENTAGE OF COMPLEX WORDS': 72.84460505937017, 'FOG INDEX': 37.60450869041474, 'AVG NUMBER OF WORDS PER SENTENCE': 23.05952380952381, 'COMPLEX WORD COUNT': 1411, 'WORD COUNT': 1937, 'SYLLABLES PER WORD': 1.5400103252452246, 'PERSONAL PRONOUNS': 12, 'AVG WORD LENGTH': 4.773877129581828}"
32910.8.txt,"{'POSITIVE SCORE': -0.007877793974732752, 'NEGATIVE SCORE': 0.35994897959183664, 'POLARITY SCORE': -0.007877793974732752, 'SUBJECTIVITY SCORE': 0.35994897959183664, 'AVG SENTENCE LENGTH': 25.25, 'PERCENTAGE OF COMPLEX WORDS': 74.11556603773585, 'FOG INDEX': 39.74622641509434, 'AVG NUMBER OF WORDS PER SENTENCE': 28.266666666666666, 'COMPLEX WORD COUNT': 1257, 'WORD COUNT': 1696, 'SYLLABLES PER WORD': 1.653301886792453, 'PERSONAL PRONOUNS': 1, 'AVG WORD LENGTH': 5.066627358490566}"
33372.6.txt,"{'POSITIVE SCORE': 0.18367346938775508, 'NEGATIVE SCORE': 0.3443877551020408, 'POLARITY SCORE': 0.18367346938775508, 'SUBJECTIVITY SCORE': 0.3443877551020408, 'AVG SENTENCE LENGTH': 18.88888888888889, 'PERCENTAGE OF COMPLEX WORDS': 71.80851063829788, 'FOG INDEX': 36.2789598108747, 'AVG NUMBER OF WORDS PER SENTENCE': 20.88888888888889, 'COMPLEX WORD COUNT': 135, 'WORD COUNT': 188, 'SYLLABLES PER WORD': 1.5106382978723405, 'PERSONAL PRONOUNS': 3, 'AVG WORD LENGTH': 4.76595744680851}"
3355.6.txt,"{'POSITIVE SCORE': 0.02707792207792207, 'NEGATIVE SCORE': 0.26280652143555366, 'POLARITY SCORE': 0.02707792207792207, 'SUBJECTIVITY SCORE': 0.26280652143555366, 'AVG SENTENCE LENGTH': 23.866666666666667, 'PERCENTAGE OF COMPLEX WORDS': 72.22222222222221, 'FOG INDEX': 38.43555555555555, 'AVG NUMBER OF WORDS PER SENTENCE': 26.8, 'COMPLEX WORD COUNT': 871, 'WORD COUNT': 1206, 'SYLLABLES PER WORD': 1.6965174129353233, 'PERSONAL PRONOUNS': 1, 'AVG WORD LENGTH': 5.291873963515754}"
33834.4.txt,"{'POSITIVE SCORE': 0.16781746031746034, 'NEGATIVE SCORE': 0.48649801587301583, 'POLARITY SCORE': 0.16781746031746034, 'SUBJECTIVITY SCORE': 0.48649801587301583, 'AVG SENTENCE LENGTH': 22.232558139534884, 'PERCENTAGE OF COMPLEX WORDS': 71.45438121047877, 'FOG INDEX': 37.47477574000546, 'AVG NUMBER OF WORDS PER SENTENCE': 25.74418604651163, 'COMPLEX WORD COUNT': 791, 'WORD COUNT': 1107, 'SYLLABLES PER WORD': 1.4950316169828366, 'PERSONAL PRONOUNS': 1, 'AVG WORD LENGTH': 4.917795844625113}"
34296.2.txt,"{'POSITIVE SCORE': 0.04645186037591101, 'NEGATIVE SCORE': 0.439609476318337, 'POLARITY SCORE': 0.04645186037591101, 'SUBJECTIVITY SCORE': 0.439609476318337, 'AVG SENTENCE LENGTH': 15.35, 'PERCENTAGE OF COMPLEX WORDS': 75.44291338582677, 'FOG INDEX': 36.317165354330704, 'AVG NUMBER OF WORDS PER SENTENCE': 16.933333333333334, 'COMPLEX WORD COUNT': 1533, 'WORD COUNT': 2032, 'SYLLABLES PER WORD': 1.5044291338582678, 'PERSONAL PRONOUNS': 5, 'AVG WORD LENGTH': 4.609744094488189}"
34758.txt,"{'POSITIVE SCORE': 0.1285957552771712, 'NEGATIVE SCORE': 0.40404159262566364, 'POLARITY SCORE': 0.1285957552771712, 'SUBJECTIVITY SCORE': 0.40404159262566364, 'AVG SENTENCE LENGTH': 19.808988764044944, 'PERCENTAGE OF COMPLEX WORDS': 74.00204708290686, 'FOG INDEX': 37.52441433878072, 'AVG NUMBER OF WORDS PER SENTENCE': 21.95505617977528, 'COMPLEX WORD COUNT': 1446, 'WORD COUNT': 1954, 'SYLLABLES PER WORD': 1.578300921187308, 'PERSONAL PRONOUNS': 5, 'AVG WORD LENGTH': 5.077789150460593}"
35219.8.txt,"{'POSITIVE SCORE': 0.03608073213336372, 'NEGATIVE SCORE': 0.39204742625795264, 'POLARITY SCORE': 0.03608073213336372, 'SUBJECTIVITY SCORE': 0.39204742625795264, 'AVG SENTENCE LENGTH': 22.93617021276596, 'PERCENTAGE OF COMPLEX WORDS': 73.70617696160268, 'FOG INDEX': 38.65693886974746, 'AVG NUMBER OF WORDS PER SENTENCE': 25.48936170212766, 'COMPLEX WORD COUNT': 883, 'WORD COUNT': 1198, 'SYLLABLES PER WORD': 1.508347245409015, 'PERSONAL PRONOUNS': 7, 'AVG WORD LENGTH': 4.719532554257095}"
35681.6.txt,"{'POSITIVE SCORE': 0.012427149964463391, 'NEGATIVE SCORE': 0.36035181236673763, 'POLARITY SCORE': 0.012427149964463391, 'SUBJECTIVITY SCORE': 0.36035181236673763, 'AVG SENTENCE LENGTH': 30.620689655172413, 'PERCENTAGE OF COMPLEX WORDS': 74.06471183013144, 'FOG INDEX': 41.87416059412155, 'AVG NUMBER OF WORDS PER SENTENCE': 34.10344827586207, 'COMPLEX WORD COUNT': 1465, 'WORD COUNT': 1978, 'SYLLABLES PER WORD': 1.750252780586451, 'PERSONAL PRONOUNS': 1, 'AVG WORD LENGTH': 5.357431749241658}"
36143.4.txt,"{'POSITIVE SCORE': 0.04890453296703296, 'NEGATIVE SCORE': 0.45058608058608046, 'POLARITY SCORE': 0.04890453296703296, 'SUBJECTIVITY SCORE': 0.45058608058608046, 'AVG SENTENCE LENGTH': 19.15686274509804, 'PERCENTAGE OF COMPLEX WORDS': 73.02752293577981, 'FOG INDEX': 36.87375427235114, 'AVG NUMBER OF WORDS PER SENTENCE': 21.372549019607842, 'COMPLEX WORD COUNT': 796, 'WORD COUNT': 1090, 'SYLLABLES PER WORD': 1.5853211009174313, 'PERSONAL PRONOUNS': 4, 'AVG WORD LENGTH': 4.864220183486238}"
36605.2.txt,"{'POSITIVE SCORE': 0.07955105678635092, 'NEGATIVE SCORE': 0.42222128851540613, 'POLARITY SCORE': 0.07955105678635092, 'SUBJECTIVITY SCORE': 0.42222128851540613, 'AVG SENTENCE LENGTH': 17.239436619718308, 'PERCENTAGE OF COMPLEX WORDS': 72.57227575982209, 'FOG INDEX': 35.92468495181616, 'AVG NUMBER OF WORDS PER SENTENCE': 19.0, 'COMPLEX WORD COUNT': 979, 'WORD COUNT': 1349, 'SYLLABLES PER WORD': 1.46997776130467, 'PERSONAL PRONOUNS': 44, 'AVG WORD LENGTH': 4.535211267605634}"
37067.txt,"{'POSITIVE SCORE': 0.021817129629629627, 'NEGATIVE SCORE': 0.40775462962962955, 'POLARITY SCORE': 0.021817129629629627, 'SUBJECTIVITY SCORE': 0.40775462962962955, 'AVG SENTENCE LENGTH': 29.210526315789473, 'PERCENTAGE OF COMPLEX WORDS': 76.37595258255715, 'FOG INDEX': 42.234591559338654, 'AVG NUMBER OF WORDS PER SENTENCE': 31.07894736842105, 'COMPLEX WORD COUNT': 902, 'WORD COUNT': 1181, 'SYLLABLES PER WORD': 1.580016934801016, 'PERSONAL PRONOUNS': 15, 'AVG WORD LENGTH': 4.792548687552921}"
37528.8.txt,"{'POSITIVE SCORE': 0.057451540871679765, 'NEGATIVE SCORE': 0.3144157625639107, 'POLARITY SCORE': 0.057451540871679765, 'SUBJECTIVITY SCORE': 0.3144157625639107, 'AVG SENTENCE LENGTH': 21.779661016949152, 'PERCENTAGE OF COMPLEX WORDS': 71.86629526462396, 'FOG INDEX': 37.45838251262924, 'AVG NUMBER OF WORDS PER SENTENCE': 24.338983050847457, 'COMPLEX WORD COUNT': 1032, 'WORD COUNT': 1436, 'SYLLABLES PER WORD': 1.5988857938718664, 'PERSONAL PRONOUNS': 4, 'AVG WORD LENGTH': 5.043871866295264}"
37990.6.txt,"{'POSITIVE SCORE': 0.23095238095238094, 'NEGATIVE SCORE': 0.3351190476190476, 'POLARITY SCORE': 0.23095238095238094, 'SUBJECTIVITY SCORE': 0.3351190476190476, 'AVG SENTENCE LENGTH': 17.545454545454547, 'PERCENTAGE OF COMPLEX WORDS': 70.89201877934272, 'FOG INDEX': 35.37498932991891, 'AVG NUMBER OF WORDS PER SENTENCE': 19.363636363636363, 'COMPLEX WORD COUNT': 151, 'WORD COUNT': 213, 'SYLLABLES PER WORD': 1.4507042253521127, 'PERSONAL PRONOUNS': 3, 'AVG WORD LENGTH': 4.577464788732394}"
3817.4.txt,"{'POSITIVE SCORE': 0.1690696920781666, 'NEGATIVE SCORE': 0.5248358609375559, 'POLARITY SCORE': 0.1690696920781666, 'SUBJECTIVITY SCORE': 0.5248358609375559, 'AVG SENTENCE LENGTH': 18.294736842105262, 'PERCENTAGE OF COMPLEX WORDS': 73.99895995839833, 'FOG INDEX': 36.91747872020144, 'AVG NUMBER OF WORDS PER SENTENCE': 20.242105263157896, 'COMPLEX WORD COUNT': 1423, 'WORD COUNT': 1923, 'SYLLABLES PER WORD': 1.6375455018200729, 'PERSONAL PRONOUNS': 6, 'AVG WORD LENGTH': 5.131045241809672}"
38452.4.txt,"{'POSITIVE SCORE': 0.01999084249084249, 'NEGATIVE SCORE': 0.3929304029304029, 'POLARITY SCORE': 0.01999084249084249, 'SUBJECTIVITY SCORE': 0.3929304029304029, 'AVG SENTENCE LENGTH': 20.59259259259259, 'PERCENTAGE OF COMPLEX WORDS': 71.99017199017199, 'FOG INDEX': 37.033105833105836, 'AVG NUMBER OF WORDS PER SENTENCE': 22.61111111111111, 'COMPLEX WORD COUNT': 879, 'WORD COUNT': 1221, 'SYLLABLES PER WORD': 1.502866502866503, 'PERSONAL PRONOUNS': 24, 'AVG WORD LENGTH': 4.711711711711712}"
38914.2.txt,"{'POSITIVE SCORE': 0.04753599114064231, 'NEGATIVE SCORE': 0.38227063634040376, 'POLARITY SCORE': 0.04753599114064231, 'SUBJECTIVITY SCORE': 0.38227063634040376, 'AVG SENTENCE LENGTH': 17.916666666666668, 'PERCENTAGE OF COMPLEX WORDS': 70.708446866485, 'FOG INDEX': 35.450045413260675, 'AVG NUMBER OF WORDS PER SENTENCE': 20.38888888888889, 'COMPLEX WORD COUNT': 519, 'WORD COUNT': 734, 'SYLLABLES PER WORD': 1.5258855585831064, 'PERSONAL PRONOUNS': 7, 'AVG WORD LENGTH': 4.73433242506812}"
39376.txt,"{'POSITIVE SCORE': 0.03686349924585219, 'NEGATIVE SCORE': 0.3577772031889679, 'POLARITY SCORE': 0.03686349924585219, 'SUBJECTIVITY SCORE': 0.3577772031889679, 'AVG SENTENCE LENGTH': 23.081632653061224, 'PERCENTAGE OF COMPLEX WORDS': 74.44717444717445, 'FOG INDEX': 39.01152284009427, 'AVG NUMBER OF WORDS PER SENTENCE': 24.918367346938776, 'COMPLEX WORD COUNT': 909, 'WORD COUNT': 1221, 'SYLLABLES PER WORD': 1.647010647010647, 'PERSONAL PRONOUNS': 3, 'AVG WORD LENGTH': 5.033579033579033}"
39837.8.txt,"{'POSITIVE SCORE': 0.03766233766233765, 'NEGATIVE SCORE': 0.41059773559773555, 'POLARITY SCORE': 0.03766233766233765, 'SUBJECTIVITY SCORE': 0.41059773559773555, 'AVG SENTENCE LENGTH': 28.710526315789473, 'PERCENTAGE OF COMPLEX WORDS': 72.5, 'FOG INDEX': 40.48421052631579, 'AVG NUMBER OF WORDS PER SENTENCE': 31.57894736842105, 'COMPLEX WORD COUNT': 870, 'WORD COUNT': 1200, 'SYLLABLES PER WORD': 1.4766666666666666, 'PERSONAL PRONOUNS': 12, 'AVG WORD LENGTH': 4.511666666666667}"
40299.6.txt,"{'POSITIVE SCORE': 0.10299382716049382, 'NEGATIVE SCORE': 0.4357407407407407, 'POLARITY SCORE': 0.10299382716049382, 'SUBJECTIVITY SCORE': 0.4357407407407407, 'AVG SENTENCE LENGTH': 33.25, 'PERCENTAGE OF COMPLEX WORDS': 74.8868778280543, 'FOG INDEX': 43.254751131221724, 'AVG NUMBER OF WORDS PER SENTENCE': 36.833333333333336, 'COMPLEX WORD COUNT': 331, 'WORD COUNT': 442, 'SYLLABLES PER WORD': 1.7104072398190044, 'PERSONAL PRONOUNS': 1, 'AVG WORD LENGTH': 5.316742081447964}"
40761.4.txt,"{'POSITIVE SCORE': 0.07606060606060608, 'NEGATIVE SCORE': 0.3017497556207233, 'POLARITY SCORE': 0.07606060606060608, 'SUBJECTIVITY SCORE': 0.3017497556207233, 'AVG SENTENCE LENGTH': 19.4375, 'PERCENTAGE OF COMPLEX WORDS': 72.80575539568346, 'FOG INDEX': 36.897302158273384, 'AVG NUMBER OF WORDS PER SENTENCE': 21.71875, 'COMPLEX WORD COUNT': 506, 'WORD COUNT': 695, 'SYLLABLES PER WORD': 1.4575539568345324, 'PERSONAL PRONOUNS': 3, 'AVG WORD LENGTH': 4.440287769784173}"
41223.2.txt,"{'POSITIVE SCORE': 0.021853741496598647, 'NEGATIVE SCORE': 0.3914455782312926, 'POLARITY SCORE': 0.021853741496598647, 'SUBJECTIVITY SCORE': 0.3914455782312926, 'AVG SENTENCE LENGTH': 32.6875, 'PERCENTAGE OF COMPLEX WORDS': 73.70212765957447, 'FOG INDEX': 42.55585106382979, 'AVG NUMBER OF WORDS PER SENTENCE': 36.71875, 'COMPLEX WORD COUNT': 866, 'WORD COUNT': 1175, 'SYLLABLES PER WORD': 1.6374468085106384, 'PERSONAL PRONOUNS': 3, 'AVG WORD LENGTH': 5.109787234042553}"
41685.txt,"{'POSITIVE SCORE': 0.2907366071428572, 'NEGATIVE SCORE': 0.597842261904762, 'POLARITY SCORE': 0.2907366071428572, 'SUBJECTIVITY SCORE': 0.597842261904762, 'AVG SENTENCE LENGTH': 23.903225806451612, 'PERCENTAGE OF COMPLEX WORDS': 71.58948685857321, 'FOG INDEX': 38.19708506600993, 'AVG NUMBER OF WORDS PER SENTENCE': 25.774193548387096, 'COMPLEX WORD COUNT': 572, 'WORD COUNT': 799, 'SYLLABLES PER WORD': 1.3141426783479349, 'PERSONAL PRONOUNS': 41, 'AVG WORD LENGTH': 4.1201501877346685}"
42146.8.txt,"{'POSITIVE SCORE': -0.023409670686456406, 'NEGATIVE SCORE': 0.29236355905998757, 'POLARITY SCORE': -0.023409670686456406, 'SUBJECTIVITY SCORE': 0.29236355905998757, 'AVG SENTENCE LENGTH': 21.895833333333332, 'PERCENTAGE OF COMPLEX WORDS': 78.06341045415596, 'FOG INDEX': 39.98369751499572, 'AVG NUMBER OF WORDS PER SENTENCE': 24.3125, 'COMPLEX WORD COUNT': 911, 'WORD COUNT': 1167, 'SYLLABLES PER WORD': 1.5355612682090831, 'PERSONAL PRONOUNS': 1, 'AVG WORD LENGTH': 5.036846615252785}"
42608.6.txt,"{'POSITIVE SCORE': -0.0599678760393046, 'NEGATIVE SCORE': 0.42820294784580504, 'POLARITY SCORE': -0.0599678760393046, 'SUBJECTIVITY SCORE': 0.42820294784580504, 'AVG SENTENCE LENGTH': 19.98076923076923, 'PERCENTAGE OF COMPLEX WORDS': 76.8566493955095, 'FOG INDEX': 38.7349674505115, 'AVG NUMBER OF WORDS PER SENTENCE': 22.26923076923077, 'COMPLEX WORD COUNT': 890, 'WORD COUNT': 1158, 'SYLLABLES PER WORD': 1.5803108808290156, 'PERSONAL PRONOUNS': 0, 'AVG WORD LENGTH': 4.905008635578584}"
4279.2.txt,"{'POSITIVE SCORE': 0.1096638655462185, 'NEGATIVE SCORE': 0.3149159663865546, 'POLARITY SCORE': 0.1096638655462185, 'SUBJECTIVITY SCORE': 0.3149159663865546, 'AVG SENTENCE LENGTH': 21.88, 'PERCENTAGE OF COMPLEX WORDS': 79.89864864864865, 'FOG INDEX': 40.71145945945946, 'AVG NUMBER OF WORDS PER SENTENCE': 23.68, 'COMPLEX WORD COUNT': 473, 'WORD COUNT': 592, 'SYLLABLES PER WORD': 1.6368243243243243, 'PERSONAL PRONOUNS': 1, 'AVG WORD LENGTH': 5.324324324324325}"
43070.4.txt,"{'POSITIVE SCORE': 0.08811769991015275, 'NEGATIVE SCORE': 0.4226864330637916, 'POLARITY SCORE': 0.08811769991015275, 'SUBJECTIVITY SCORE': 0.4226864330637916, 'AVG SENTENCE LENGTH': 19.32075471698113, 'PERCENTAGE OF COMPLEX WORDS': 74.30313588850174, 'FOG INDEX': 37.44955624219315, 'AVG NUMBER OF WORDS PER SENTENCE': 21.660377358490567, 'COMPLEX WORD COUNT': 853, 'WORD COUNT': 1148, 'SYLLABLES PER WORD': 1.5879790940766552, 'PERSONAL PRONOUNS': 1, 'AVG WORD LENGTH': 5.111498257839721}"
432.txt,"{'POSITIVE SCORE': 0.09731821106821106, 'NEGATIVE SCORE': 0.35692084942084945, 'POLARITY SCORE': 0.09731821106821106, 'SUBJECTIVITY SCORE': 0.35692084942084945, 'AVG SENTENCE LENGTH': 21.413793103448278, 'PERCENTAGE OF COMPLEX WORDS': 76.41025641025641, 'FOG INDEX': 39.12961980548188, 'AVG NUMBER OF WORDS PER SENTENCE': 23.53448275862069, 'COMPLEX WORD COUNT': 1043, 'WORD COUNT': 1365, 'SYLLABLES PER WORD': 1.6446886446886446, 'PERSONAL PRONOUNS': 12, 'AVG WORD LENGTH': 5.306959706959707}"
4321.txt,"{'POSITIVE SCORE': 0.09731821106821106, 'NEGATIVE SCORE': 0.35692084942084945, 'POLARITY SCORE': 0.09731821106821106, 'SUBJECTIVITY SCORE': 0.35692084942084945, 'AVG SENTENCE LENGTH': 21.413793103448278, 'PERCENTAGE OF COMPLEX WORDS': 76.41025641025641, 'FOG INDEX': 39.12961980548188, 'AVG NUMBER OF WORDS PER SENTENCE': 23.53448275862069, 'COMPLEX WORD COUNT': 1043, 'WORD COUNT': 1365, 'SYLLABLES PER WORD': 1.6446886446886446, 'PERSONAL PRONOUNS': 12, 'AVG WORD LENGTH': 5.306959706959707}"
43532.2.txt,"{'POSITIVE SCORE': 0.027124304267161416, 'NEGATIVE SCORE': 0.37921459492888066, 'POLARITY SCORE': 0.027124304267161416, 'SUBJECTIVITY SCORE': 0.37921459492888066, 'AVG SENTENCE LENGTH': 23.072727272727274, 'PERCENTAGE OF COMPLEX WORDS': 72.85513361462729, 'FOG INDEX': 38.371144354941826, 'AVG NUMBER OF WORDS PER SENTENCE': 25.854545454545455, 'COMPLEX WORD COUNT': 1036, 'WORD COUNT': 1422, 'SYLLABLES PER WORD': 1.580168776371308, 'PERSONAL PRONOUNS': 8, 'AVG WORD LENGTH': 4.777074542897328}"
43994.txt,"{'POSITIVE SCORE': -0.020150312650312644, 'NEGATIVE SCORE': 0.46526214526214515, 'POLARITY SCORE': -0.020150312650312644, 'SUBJECTIVITY SCORE': 0.46526214526214515, 'AVG SENTENCE LENGTH': 22.47142857142857, 'PERCENTAGE OF COMPLEX WORDS': 73.75220199647681, 'FOG INDEX': 38.48945222716216, 'AVG NUMBER OF WORDS PER SENTENCE': 24.32857142857143, 'COMPLEX WORD COUNT': 1256, 'WORD COUNT': 1703, 'SYLLABLES PER WORD': 1.536699941280094, 'PERSONAL PRONOUNS': 4, 'AVG WORD LENGTH': 4.797416324133882}"
44455.8.txt,"{'POSITIVE SCORE': -0.047162698412698406, 'NEGATIVE SCORE': 0.37613858363858366, 'POLARITY SCORE': -0.047162698412698406, 'SUBJECTIVITY SCORE': 0.37613858363858366, 'AVG SENTENCE LENGTH': 26.579710144927535, 'PERCENTAGE OF COMPLEX WORDS': 74.48621553884712, 'FOG INDEX': 40.42637027350986, 'AVG NUMBER OF WORDS PER SENTENCE': 28.91304347826087, 'COMPLEX WORD COUNT': 1486, 'WORD COUNT': 1995, 'SYLLABLES PER WORD': 1.592982456140351, 'PERSONAL PRONOUNS': 8, 'AVG WORD LENGTH': 4.856140350877193}"
44917.6.txt,"{'POSITIVE SCORE': 0.04323899371069183, 'NEGATIVE SCORE': 0.4707771787960466, 'POLARITY SCORE': 0.04323899371069183, 'SUBJECTIVITY SCORE': 0.4707771787960466, 'AVG SENTENCE LENGTH': 74.0, 'PERCENTAGE OF COMPLEX WORDS': 74.9727965179543, 'FOG INDEX': 59.58911860718172, 'AVG NUMBER OF WORDS PER SENTENCE': 76.58333333333333, 'COMPLEX WORD COUNT': 689, 'WORD COUNT': 919, 'SYLLABLES PER WORD': 1.3623503808487487, 'PERSONAL PRONOUNS': 41, 'AVG WORD LENGTH': 4.399347116430903}"
45379.4.txt,"{'POSITIVE SCORE': 0.049701125175808686, 'NEGATIVE SCORE': 0.4355560578661843, 'POLARITY SCORE': 0.049701125175808686, 'SUBJECTIVITY SCORE': 0.4355560578661843, 'AVG SENTENCE LENGTH': 28.514705882352942, 'PERCENTAGE OF COMPLEX WORDS': 74.13632119514473, 'FOG INDEX': 41.060410830999075, 'AVG NUMBER OF WORDS PER SENTENCE': 31.5, 'COMPLEX WORD COUNT': 1588, 'WORD COUNT': 2142, 'SYLLABLES PER WORD': 1.5672268907563025, 'PERSONAL PRONOUNS': 14, 'AVG WORD LENGTH': 4.977124183006536}"
45841.2.txt,"{'POSITIVE SCORE': 0.07089540962182471, 'NEGATIVE SCORE': 0.5056744042121402, 'POLARITY SCORE': 0.07089540962182471, 'SUBJECTIVITY SCORE': 0.5056744042121402, 'AVG SENTENCE LENGTH': 16.240506329113924, 'PERCENTAGE OF COMPLEX WORDS': 70.05610098176717, 'FOG INDEX': 34.51864292435244, 'AVG NUMBER OF WORDS PER SENTENCE': 18.050632911392405, 'COMPLEX WORD COUNT': 999, 'WORD COUNT': 1426, 'SYLLABLES PER WORD': 1.376577840112202, 'PERSONAL PRONOUNS': 6, 'AVG WORD LENGTH': 4.251753155680224}"
46303.txt,"{'POSITIVE SCORE': 0.08514492753623189, 'NEGATIVE SCORE': 0.45760869565217394, 'POLARITY SCORE': 0.08514492753623189, 'SUBJECTIVITY SCORE': 0.45760869565217394, 'AVG SENTENCE LENGTH': 21.75, 'PERCENTAGE OF COMPLEX WORDS': 73.19587628865979, 'FOG INDEX': 37.978350515463916, 'AVG NUMBER OF WORDS PER SENTENCE': 24.25, 'COMPLEX WORD COUNT': 284, 'WORD COUNT': 388, 'SYLLABLES PER WORD': 1.7293814432989691, 'PERSONAL PRONOUNS': 1, 'AVG WORD LENGTH': 5.110824742268041}"
46764.8.txt,"{'POSITIVE SCORE': -0.004167692939244666, 'NEGATIVE SCORE': 0.31312192118226606, 'POLARITY SCORE': -0.004167692939244666, 'SUBJECTIVITY SCORE': 0.31312192118226606, 'AVG SENTENCE LENGTH': 24.179775280898877, 'PERCENTAGE OF COMPLEX WORDS': 76.35675220866639, 'FOG INDEX': 40.21461099582611, 'AVG NUMBER OF WORDS PER SENTENCE': 26.707865168539325, 'COMPLEX WORD COUNT': 1815, 'WORD COUNT': 2377, 'SYLLABLES PER WORD': 1.5902397980647875, 'PERSONAL PRONOUNS': 3, 'AVG WORD LENGTH': 4.921329406815313}"
47226.6.txt,"{'POSITIVE SCORE': -0.01352438071188072, 'NEGATIVE SCORE': 0.5151951058201057, 'POLARITY SCORE': -0.01352438071188072, 'SUBJECTIVITY SCORE': 0.5151951058201057, 'AVG SENTENCE LENGTH': 25.203125, 'PERCENTAGE OF COMPLEX WORDS': 76.63551401869158, 'FOG INDEX': 40.73545560747664, 'AVG NUMBER OF WORDS PER SENTENCE': 26.75, 'COMPLEX WORD COUNT': 1312, 'WORD COUNT': 1712, 'SYLLABLES PER WORD': 1.3896028037383177, 'PERSONAL PRONOUNS': 38, 'AVG WORD LENGTH': 4.405373831775701}"
4741.txt,"{'POSITIVE SCORE': -0.0271545709192768, 'NEGATIVE SCORE': 0.5616440030557677, 'POLARITY SCORE': -0.0271545709192768, 'SUBJECTIVITY SCORE': 0.5616440030557677, 'AVG SENTENCE LENGTH': 20.58, 'PERCENTAGE OF COMPLEX WORDS': 73.93939393939394, 'FOG INDEX': 37.80775757575758, 'AVG NUMBER OF WORDS PER SENTENCE': 23.1, 'COMPLEX WORD COUNT': 854, 'WORD COUNT': 1155, 'SYLLABLES PER WORD': 1.709090909090909, 'PERSONAL PRONOUNS': 12, 'AVG WORD LENGTH': 5.225108225108225}"
47688.4.txt,"{'POSITIVE SCORE': 0.04126488095238097, 'NEGATIVE SCORE': 0.4284388528138528, 'POLARITY SCORE': 0.04126488095238097, 'SUBJECTIVITY SCORE': 0.4284388528138528, 'AVG SENTENCE LENGTH': 20.759036144578314, 'PERCENTAGE OF COMPLEX WORDS': 74.92195629552549, 'FOG INDEX': 38.27239697604153, 'AVG NUMBER OF WORDS PER SENTENCE': 23.156626506024097, 'COMPLEX WORD COUNT': 1440, 'WORD COUNT': 1922, 'SYLLABLES PER WORD': 1.560353798126951, 'PERSONAL PRONOUNS': 9, 'AVG WORD LENGTH': 4.909989594172737}"
48150.2.txt,"{'POSITIVE SCORE': 0.0718155918155918, 'NEGATIVE SCORE': 0.41859501846681324, 'POLARITY SCORE': 0.0718155918155918, 'SUBJECTIVITY SCORE': 0.41859501846681324, 'AVG SENTENCE LENGTH': 25.579710144927535, 'PERCENTAGE OF COMPLEX WORDS': 75.25354969574036, 'FOG INDEX': 40.33330393626716, 'AVG NUMBER OF WORDS PER SENTENCE': 28.579710144927535, 'COMPLEX WORD COUNT': 1484, 'WORD COUNT': 1972, 'SYLLABLES PER WORD': 1.6886409736308317, 'PERSONAL PRONOUNS': 22, 'AVG WORD LENGTH': 5.39604462474645}"
48612.txt,"{'POSITIVE SCORE': 0.06713446275946279, 'NEGATIVE SCORE': 0.3659752747252748, 'POLARITY SCORE': 0.06713446275946279, 'SUBJECTIVITY SCORE': 0.3659752747252748, 'AVG SENTENCE LENGTH': 30.5, 'PERCENTAGE OF COMPLEX WORDS': 73.92906494702902, 'FOG INDEX': 41.77162597881161, 'AVG NUMBER OF WORDS PER SENTENCE': 33.921875, 'COMPLEX WORD COUNT': 1605, 'WORD COUNT': 2171, 'SYLLABLES PER WORD': 1.6536158452326117, 'PERSONAL PRONOUNS': 15, 'AVG WORD LENGTH': 5.198986642100414}"
49073.8.txt,"{'POSITIVE SCORE': 0.10754538828518415, 'NEGATIVE SCORE': 0.33332725947521863, 'POLARITY SCORE': 0.10754538828518415, 'SUBJECTIVITY SCORE': 0.33332725947521863, 'AVG SENTENCE LENGTH': 30.16393442622951, 'PERCENTAGE OF COMPLEX WORDS': 73.6117936117936, 'FOG INDEX': 41.51029121520925, 'AVG NUMBER OF WORDS PER SENTENCE': 33.36065573770492, 'COMPLEX WORD COUNT': 1498, 'WORD COUNT': 2035, 'SYLLABLES PER WORD': 1.5945945945945945, 'PERSONAL PRONOUNS': 4, 'AVG WORD LENGTH': 5.093857493857493}"
49535.6.txt,"{'POSITIVE SCORE': 0.027180134680134683, 'NEGATIVE SCORE': 0.3398809523809524, 'POLARITY SCORE': 0.027180134680134683, 'SUBJECTIVITY SCORE': 0.3398809523809524, 'AVG SENTENCE LENGTH': 25.029411764705884, 'PERCENTAGE OF COMPLEX WORDS': 72.28661749209695, 'FOG INDEX': 38.92641170272114, 'AVG NUMBER OF WORDS PER SENTENCE': 27.91176470588235, 'COMPLEX WORD COUNT': 686, 'WORD COUNT': 949, 'SYLLABLES PER WORD': 1.5648050579557429, 'PERSONAL PRONOUNS': 4, 'AVG WORD LENGTH': 4.817702845100105}"
49997.4.txt,"{'POSITIVE SCORE': -0.030605540293040287, 'NEGATIVE SCORE': 0.42314789377289375, 'POLARITY SCORE': -0.030605540293040287, 'SUBJECTIVITY SCORE': 0.42314789377289375, 'AVG SENTENCE LENGTH': 26.081967213114755, 'PERCENTAGE OF COMPLEX WORDS': 74.14965986394559, 'FOG INDEX': 40.09265083082414, 'AVG NUMBER OF WORDS PER SENTENCE': 28.918032786885245, 'COMPLEX WORD COUNT': 1308, 'WORD COUNT': 1764, 'SYLLABLES PER WORD': 1.6400226757369614, 'PERSONAL PRONOUNS': 7, 'AVG WORD LENGTH': 5.100907029478458}"
50459.2.txt,"{'POSITIVE SCORE': 0.19833333333333336, 'NEGATIVE SCORE': 0.5342117117117116, 'POLARITY SCORE': 0.19833333333333336, 'SUBJECTIVITY SCORE': 0.5342117117117116, 'AVG SENTENCE LENGTH': 22.613636363636363, 'PERCENTAGE OF COMPLEX WORDS': 68.28391734052111, 'FOG INDEX': 36.35902148166299, 'AVG NUMBER OF WORDS PER SENTENCE': 25.295454545454547, 'COMPLEX WORD COUNT': 760, 'WORD COUNT': 1113, 'SYLLABLES PER WORD': 1.4977538185085355, 'PERSONAL PRONOUNS': 6, 'AVG WORD LENGTH': 4.648697214734951}"
50921.txt,"{'POSITIVE SCORE': -0.028412698412698414, 'NEGATIVE SCORE': 0.4305357142857143, 'POLARITY SCORE': -0.028412698412698414, 'SUBJECTIVITY SCORE': 0.4305357142857143, 'AVG SENTENCE LENGTH': 23.586206896551722, 'PERCENTAGE OF COMPLEX WORDS': 75.0, 'FOG INDEX': 39.43448275862069, 'AVG NUMBER OF WORDS PER SENTENCE': 26.344827586206897, 'COMPLEX WORD COUNT': 573, 'WORD COUNT': 764, 'SYLLABLES PER WORD': 1.6138743455497382, 'PERSONAL PRONOUNS': 0, 'AVG WORD LENGTH': 5.141361256544503}"
51382.8.txt,"{'POSITIVE SCORE': 0.01777615808228053, 'NEGATIVE SCORE': 0.3462666018788466, 'POLARITY SCORE': 0.01777615808228053, 'SUBJECTIVITY SCORE': 0.3462666018788466, 'AVG SENTENCE LENGTH': 33.42857142857143, 'PERCENTAGE OF COMPLEX WORDS': 74.2217367558711, 'FOG INDEX': 43.060123273777016, 'AVG NUMBER OF WORDS PER SENTENCE': 37.36734693877551, 'COMPLEX WORD COUNT': 1359, 'WORD COUNT': 1831, 'SYLLABLES PER WORD': 1.6673948661933369, 'PERSONAL PRONOUNS': 2, 'AVG WORD LENGTH': 5.2605133806663025}"
51844.6.txt,"{'POSITIVE SCORE': 0.09284769463340897, 'NEGATIVE SCORE': 0.45925261907404796, 'POLARITY SCORE': 0.09284769463340897, 'SUBJECTIVITY SCORE': 0.45925261907404796, 'AVG SENTENCE LENGTH': 25.647058823529413, 'PERCENTAGE OF COMPLEX WORDS': 74.55958549222798, 'FOG INDEX': 40.082657726302955, 'AVG NUMBER OF WORDS PER SENTENCE': 28.38235294117647, 'COMPLEX WORD COUNT': 1439, 'WORD COUNT': 1930, 'SYLLABLES PER WORD': 1.62279792746114, 'PERSONAL PRONOUNS': 0, 'AVG WORD LENGTH': 5.055958549222798}"
5202.8.txt,"{'POSITIVE SCORE': -0.008254963427377212, 'NEGATIVE SCORE': 0.48921107628004185, 'POLARITY SCORE': -0.008254963427377212, 'SUBJECTIVITY SCORE': 0.48921107628004185, 'AVG SENTENCE LENGTH': 15.285714285714286, 'PERCENTAGE OF COMPLEX WORDS': 72.36286919831224, 'FOG INDEX': 35.05943339361061, 'AVG NUMBER OF WORDS PER SENTENCE': 16.928571428571427, 'COMPLEX WORD COUNT': 343, 'WORD COUNT': 474, 'SYLLABLES PER WORD': 1.5527426160337552, 'PERSONAL PRONOUNS': 6, 'AVG WORD LENGTH': 4.685654008438819}"
52306.4.txt,"{'POSITIVE SCORE': 0.04417673761423762, 'NEGATIVE SCORE': 0.4537496993746994, 'POLARITY SCORE': 0.04417673761423762, 'SUBJECTIVITY SCORE': 0.4537496993746994, 'AVG SENTENCE LENGTH': 23.517241379310345, 'PERCENTAGE OF COMPLEX WORDS': 71.91516709511568, 'FOG INDEX': 38.17296338977041, 'AVG NUMBER OF WORDS PER SENTENCE': 26.82758620689655, 'COMPLEX WORD COUNT': 1119, 'WORD COUNT': 1556, 'SYLLABLES PER WORD': 1.5803341902313626, 'PERSONAL PRONOUNS': 5, 'AVG WORD LENGTH': 5.044987146529563}"
52768.2.txt,"{'POSITIVE SCORE': 0.0314423076923077, 'NEGATIVE SCORE': 0.44932692307692296, 'POLARITY SCORE': 0.0314423076923077, 'SUBJECTIVITY SCORE': 0.44932692307692296, 'AVG SENTENCE LENGTH': 24.48780487804878, 'PERCENTAGE OF COMPLEX WORDS': 76.13941018766755, 'FOG INDEX': 40.25088602628654, 'AVG NUMBER OF WORDS PER SENTENCE': 27.29268292682927, 'COMPLEX WORD COUNT': 852, 'WORD COUNT': 1119, 'SYLLABLES PER WORD': 1.7712243074173368, 'PERSONAL PRONOUNS': 1, 'AVG WORD LENGTH': 5.433422698838249}"
5664.6.txt,"{'POSITIVE SCORE': 0.09820196305344821, 'NEGATIVE SCORE': 0.3607950080722357, 'POLARITY SCORE': 0.09820196305344821, 'SUBJECTIVITY SCORE': 0.3607950080722357, 'AVG SENTENCE LENGTH': 22.467741935483872, 'PERCENTAGE OF COMPLEX WORDS': 72.911227154047, 'FOG INDEX': 38.15158763581235, 'AVG NUMBER OF WORDS PER SENTENCE': 24.70967741935484, 'COMPLEX WORD COUNT': 1117, 'WORD COUNT': 1532, 'SYLLABLES PER WORD': 1.5483028720626633, 'PERSONAL PRONOUNS': 9, 'AVG WORD LENGTH': 4.742167101827676}"
6126.4.txt,"{'POSITIVE SCORE': 0.08241341991341992, 'NEGATIVE SCORE': 0.5875901875901876, 'POLARITY SCORE': 0.08241341991341992, 'SUBJECTIVITY SCORE': 0.5875901875901876, 'AVG SENTENCE LENGTH': 30.210526315789473, 'PERCENTAGE OF COMPLEX WORDS': 72.45696400625978, 'FOG INDEX': 41.0669961288197, 'AVG NUMBER OF WORDS PER SENTENCE': 33.63157894736842, 'COMPLEX WORD COUNT': 463, 'WORD COUNT': 639, 'SYLLABLES PER WORD': 1.647887323943662, 'PERSONAL PRONOUNS': 1, 'AVG WORD LENGTH': 5.006259780907668}"
6588.2.txt,"{'POSITIVE SCORE': 0.08928130511463846, 'NEGATIVE SCORE': 0.46753086419753087, 'POLARITY SCORE': 0.08928130511463846, 'SUBJECTIVITY SCORE': 0.46753086419753087, 'AVG SENTENCE LENGTH': 40.26923076923077, 'PERCENTAGE OF COMPLEX WORDS': 71.75043327556327, 'FOG INDEX': 44.80786561791762, 'AVG NUMBER OF WORDS PER SENTENCE': 44.38461538461539, 'COMPLEX WORD COUNT': 828, 'WORD COUNT': 1154, 'SYLLABLES PER WORD': 1.5519930675909879, 'PERSONAL PRONOUNS': 13, 'AVG WORD LENGTH': 4.954072790294627}"
7050.txt,"{'POSITIVE SCORE': 0.1082452380952381, 'NEGATIVE SCORE': 0.4172666666666667, 'POLARITY SCORE': 0.1082452380952381, 'SUBJECTIVITY SCORE': 0.4172666666666667, 'AVG SENTENCE LENGTH': 21.357142857142858, 'PERCENTAGE OF COMPLEX WORDS': 70.97729516288253, 'FOG INDEX': 36.933775208010154, 'AVG NUMBER OF WORDS PER SENTENCE': 24.11904761904762, 'COMPLEX WORD COUNT': 719, 'WORD COUNT': 1013, 'SYLLABLES PER WORD': 1.6090819348469891, 'PERSONAL PRONOUNS': 2, 'AVG WORD LENGTH': 4.912142152023692}"
7511.8.txt,"{'POSITIVE SCORE': 0.06391800659657804, 'NEGATIVE SCORE': 0.45063404849119126, 'POLARITY SCORE': 0.06391800659657804, 'SUBJECTIVITY SCORE': 0.45063404849119126, 'AVG SENTENCE LENGTH': 26.88, 'PERCENTAGE OF COMPLEX WORDS': 69.69283276450511, 'FOG INDEX': 38.62913310580205, 'AVG NUMBER OF WORDS PER SENTENCE': 29.3, 'COMPLEX WORD COUNT': 1021, 'WORD COUNT': 1465, 'SYLLABLES PER WORD': 1.4757679180887373, 'PERSONAL PRONOUNS': 31, 'AVG WORD LENGTH': 4.549488054607509}"
7973.6.txt,"{'POSITIVE SCORE': 0.05969540121714033, 'NEGATIVE SCORE': 0.3885886818495515, 'POLARITY SCORE': 0.05969540121714033, 'SUBJECTIVITY SCORE': 0.3885886818495515, 'AVG SENTENCE LENGTH': 27.975, 'PERCENTAGE OF COMPLEX WORDS': 73.46774193548387, 'FOG INDEX': 40.57709677419355, 'AVG NUMBER OF WORDS PER SENTENCE': 31.0, 'COMPLEX WORD COUNT': 911, 'WORD COUNT': 1240, 'SYLLABLES PER WORD': 1.6258064516129032, 'PERSONAL PRONOUNS': 17, 'AVG WORD LENGTH': 5.304838709677419}"
8435.4.txt,"{'POSITIVE SCORE': 0.09479140517602053, 'NEGATIVE SCORE': 0.44695879618956547, 'POLARITY SCORE': 0.09479140517602053, 'SUBJECTIVITY SCORE': 0.44695879618956547, 'AVG SENTENCE LENGTH': 24.013333333333332, 'PERCENTAGE OF COMPLEX WORDS': 74.6, 'FOG INDEX': 39.44533333333334, 'AVG NUMBER OF WORDS PER SENTENCE': 26.666666666666668, 'COMPLEX WORD COUNT': 1492, 'WORD COUNT': 2000, 'SYLLABLES PER WORD': 1.726, 'PERSONAL PRONOUNS': 4, 'AVG WORD LENGTH': 5.3335}"
8897.2.txt,"{'POSITIVE SCORE': 0.04855851534828808, 'NEGATIVE SCORE': 0.4313774104683196, 'POLARITY SCORE': 0.04855851534828808, 'SUBJECTIVITY SCORE': 0.4313774104683196, 'AVG SENTENCE LENGTH': 18.506493506493506, 'PERCENTAGE OF COMPLEX WORDS': 70.38413878562577, 'FOG INDEX': 35.55625291684771, 'AVG NUMBER OF WORDS PER SENTENCE': 20.961038961038962, 'COMPLEX WORD COUNT': 1136, 'WORD COUNT': 1614, 'SYLLABLES PER WORD': 1.4888475836431228, 'PERSONAL PRONOUNS': 10, 'AVG WORD LENGTH': 4.5978934324659235}"
9359.txt,"{'POSITIVE SCORE': 0.06777067669172934, 'NEGATIVE SCORE': 0.514265664160401, 'POLARITY SCORE': 0.06777067669172934, 'SUBJECTIVITY SCORE': 0.514265664160401, 'AVG SENTENCE LENGTH': 20.404761904761905, 'PERCENTAGE OF COMPLEX WORDS': 71.48846960167715, 'FOG INDEX': 36.757292602575625, 'AVG NUMBER OF WORDS PER SENTENCE': 22.714285714285715, 'COMPLEX WORD COUNT': 1364, 'WORD COUNT': 1908, 'SYLLABLES PER WORD': 1.6829140461215932, 'PERSONAL PRONOUNS': 2, 'AVG WORD LENGTH': 5.068134171907757}"
9820.8.txt,"{'POSITIVE SCORE': 0.05469869363674674, 'NEGATIVE SCORE': 0.45280235988200596, 'POLARITY SCORE': 0.05469869363674674, 'SUBJECTIVITY SCORE': 0.45280235988200596, 'AVG SENTENCE LENGTH': 17.913978494623656, 'PERCENTAGE OF COMPLEX WORDS': 70.72243346007605, 'FOG INDEX': 35.45456478187988, 'AVG NUMBER OF WORDS PER SENTENCE': 19.795698924731184, 'COMPLEX WORD COUNT': 1302, 'WORD COUNT': 1841, 'SYLLABLES PER WORD': 1.632808256382401, 'PERSONAL PRONOUNS': 24, 'AVG WORD LENGTH': 5.076045627376426}"
